FranceNo.,Pos.,Player,Date of birth (age),Caps,Club1,GK,Hugo Lloris,26 December 1986 (aged 23),11,Lyon2,DF,Bacary Sagna,14 February 1983 (aged 27),20,Arsenal3,DF,Eric Abidal,11 September 1979 (aged 30),54,Barcelona4,DF,Anthony Reveillère,10 November 1979 (aged 30),6,Lyon5,DF,William Gallas,17 August 1977 (aged 32),81,Arsenal6,DF,Marc Planus,7 March 1982 (aged 28),1,Bordeaux7,MF,Franck Ribery,7 April 1983 (aged 27),45,Bayern Munich8,MF,Yoann Gourcuff,11 July 1986 (aged 23),20,Bordeaux9,FW,Djibril Cisse,12 August 1981 (aged 28),39,Panathinaikos10,FW,Sidney Govou,27 July 1979 (aged 30),46,Lyon11,FW,Andre-Pierre Gignac,5 December 1985 (aged 24),13,Toulouse12,FW,Thierry Henry,17 August 1977 (aged 32),121,Barcelona13,DF,Patrice Evra,15 May 1981 (aged 29),30,Manchester United14,MF,Jeremy Toulalan,10 September 1983 (aged 26),34,Lyon15,MF,Florent Malouda,13 June 1980 (aged 29),54,Chelsea16,GK,Steve Mandanda,28 March 1985 (aged 25),13,Marseille17,DF,Sebastien Squillaci,11 August 1980 (aged 29),20,Sevilla18,MF,Alou Diarra,15 July 1981 (aged 28),25,Bordeaux19,MF,Abou Diaby,11 May 1986 (aged 24),5,Arsenal20,MF,Mathieu Valbuena,28 September 1984 (aged 25),2,Marseille21,FW,Nicolas Anelka,14 March 1979 (aged 31),67,Chelsea22,DF,Gael Clichy,26 July 1985 (aged 24),4,Arsenal23,GK,Cedric Carrasso,30 December 1981 (aged 28),0,BordeauxMexicoNo.,Pos.,Player,Date of birth (age),Caps,Club1,GK,Oscar Perez,1 February 1973 (aged 37),52,Chiapas2,DF,Francisco Rodriguez,20 October 1981 (aged 28),48,PSV Eindhoven3,DF,Carlos Salcido,2 April 1980 (aged 30),73,PSV Eindhoven4,DF,Rafael Marquez,13 February 1979 (aged 31),91,Barcelona5,DF,Ricardo Osorio,30 March 1980 (aged 30),76,VfB Stuttgart6,MF,Gerardo Torrado,30 April 1979 (aged 31),114,Cruz Azul7,MF,Pablo Barrera,21 June 1987 (aged 22),21,UNAM8,MF,Israel Castro,29 December 1980 (aged 29),31,UNAM9,FW,Guillermo Franco,3 November 1976 (aged 33),21,West Ham United10,FW,Cuauhtemoc Blanco,17 January 1973 (aged 37),115,Veracruz11,FW,Carlos Vela,1 March 1989 (aged 21),28,Arsenal12,DF,Paul Aguilar,6 March 1986 (aged 24),10,Pachuca13,GK,Guillermo Ochoa,13 July 1985 (aged 24),37,America14,FW,Javier Hernandez,1 June 1988 (aged 22),12,Guadalajara15,DF,Hector Moreno,17 January 1988 (aged 22),10,AZ16,DF,Efrain Juarez,22 February 1988 (aged 22),19,UNAM17,FW,Giovani dos Santos,11 May 1989 (aged 21),26,Galatasaray18,MF,Andres Guardado,28 September 1986 (aged 23),56,Deportivo La Coruna19,DF,Jonny Magallon,21 November 1981 (aged 28),52,Guadalajara20,DF,Jorge Torres Nilo,16 January 1988 (aged 22),8,Atlas21,FW,Adolfo Bautista,15 May 1979 (aged 31),37,Guadalajara22,MF,Alberto Medina,29 May 1983 (aged 27),56,Guadalajara23,GK,Luis Ernesto Michel,21 July 1979 (aged 30),4,GuadalajaraSouth AfricaNo.,Pos.,Player,Date of birth (age),Caps,Club1,GK,Moeneeb Josephs,19 May 1980 (aged 30),17,Orlando Pirates2,DF,Siboniso Gaxa,6 April 1984 (aged 26),37,Mamelodi Sundowns3,DF,Tsepo Masilela,5 May 1985 (aged 25),31,Maccabi Haifa4,DF,Aaron Mokoena,25 November 1980 (aged 29),101,Portsmouth5,DF,Anele Ngcongca,20 October 1987 (aged 22),5,Genk6,MF,MacBeth Sibaya,25 November 1977 (aged 32),58,Rubin Kazan7,MF,Lance Davids,11 April 1985 (aged 25),22,Ajax Cape Town8,MF,Siphiwe Tshabalala,25 September 1984 (aged 25),48,Kaizer Chiefs9,FW,Katlego Mphela,29 November 1984 (aged 25),31,Mamelodi Sundowns10,MF,Steven Pienaar,17 March 1982 (aged 28),50,Everton11,MF,Teko Modise,22 December 1982 (aged 27),52,Orlando Pirates12,MF,Reneilwe Letsholonyane,9 June 1982 (aged 28),13,Kaizer Chiefs13,MF,Kagisho Dikgacoi,24 November 1984 (aged 25),37,Fulham14,DF,Matthew Booth,14 March 1977 (aged 33),27,Mamelodi Sundowns15,DF,Lucas Thwala,19 October 1981 (aged 28),24,Orlando Pirates16,GK,Itumeleng Khune,20 June 1987 (aged 22),27,Kaizer Chiefs17,FW,Bernard Parker,16 March 1986 (aged 24),28,Twente18,FW,Siyabonga Nomvethe,2 December 1977 (aged 32),76,Moroka Swallows19,MF,Surprise Moriri,20 March 1980 (aged 30),34,Mamelodi Sundowns20,DF,Bongani Khumalo,6 January 1987 (aged 23),14,Supersport United21,DF,Siyabonga Sangweni,29 September 1981 (aged 28),8,Golden Arrows22,GK,Shu-Aib Walters,26 December 1981 (aged 28),0,Maritzburg United23,MF,Thanduyise Khuboni,23 May 1986 (aged 24),9,Golden ArrowsUruguayNo.,Pos.,Player,Date of birth (age),Caps,Club1,GK,Fernando Muslera,16 June 1986 (aged 23),6,Lazio2,DF,Diego Lugano,2 November 1980 (aged 29),42,Fenerbahçe3,DF,Diego Godin,16 February 1986 (aged 24),38,Villarreal4,DF,Jorge Fucile,19 November 1984 (aged 25),24,Porto5,MF,Walter Gargano,23 July 1984 (aged 25),28,Napoli6,DF,Mauricio Victorino,11 October 1982 (aged 27),4,Universidad de Chile7,FW,Edinson Cavani,14 February 1987 (aged 23),14,Palermo8,MF,Sebastian Eguren,8 January 1981 (aged 29),27,AIK9,FW,Luis Suarez,24 January 1987 (aged 23),30,Ajax10,FW,Diego Forlan,19 May 1979 (aged 31),62,Atletico Madrid11,MF,Alvaro Pereira,28 November 1985 (aged 24),15,Porto12,GK,Juan Castillo,17 April 1978 (aged 32),11,Deportivo Cali13,FW,Sebastian Abreu,17 October 1976 (aged 33),56,Botafogo14,MF,Nicolas Lodeiro,21 March 1989 (aged 21),4,Ajax15,MF,Diego Perez,18 May 1980 (aged 30),50,Monaco16,DF,Maxi Pereira,8 June 1984 (aged 26),37,Benfica17,MF,Egidio Arevalo Rios,1 January 1982 (aged 28),6,Penarol18,MF,Ignacio Gonzalez,14 May 1982 (aged 28),17,Levadiakos19,DF,Andres Scotti,14 December 1974 (aged 35),26,Colo-Colo20,MF,Alvaro Fernandez,11 October 1985 (aged 24),7,Universidad de Chile21,FW,Sebastian Fernandez,23 May 1985 (aged 25),6,Banfield22,DF,Martin Caceres,7 April 1987 (aged 23),19,Sevilla23,GK,Martin Silva,25 March 1983 (aged 27),1,Defensor SportingArgentinaNo.,Pos.,Player,Date of birth (age),Caps,Club1,GK,Diego Pozo,16 February 1978 (aged 32),3,Colon2,DF,Martin Demichelis,20 December 1980 (aged 29),25,Bayern Munich3,DF,Clemente Rodriguez,31 July 1981 (aged 28),12,Estudiantes La Plata4,DF,Nicolas Burdisso,12 April 1981 (aged 29),29,Roma5,MF,Mario Bolatti,17 February 1985 (aged 25),5,Fiorentina6,DF,Gabriel Heinze,19 April 1978 (aged 32),64,Marseille7,MF,Angel Di Maria,14 February 1988 (aged 22),8,Benfica8,MF,Juan Sebastian Veron,9 March 1975 (aged 35),70,Estudiantes La Plata9,FW,Gonzalo Higuain,10 December 1987 (aged 22),5,Real Madrid10,FW,Lionel Messi,24 June 1987 (aged 22),45,Barcelona11,FW,Carlos Tevez,5 February 1984 (aged 26),54,Manchester City12,DF,Ariel Garce,14 July 1979 (aged 30),4,Colon13,DF,Walter Samuel,23 March 1978 (aged 32),54,Internazionale14,MF,Javier Mascherano,8 June 1984 (aged 26),57,Liverpool15,DF,Nicolas Otamendi,12 February 1988 (aged 22),7,Velez Sarsfield16,FW,Sergio Agüero,2 June 1988 (aged 22),22,Atletico Madrid17,MF,Jonas Gutierrez,5 July 1983 (aged 26),16,Newcastle United18,FW,Martin Palermo,7 November 1973 (aged 36),14,Boca Juniors19,FW,Diego Milito,12 June 1979 (aged 30),21,Internazionale20,MF,Maxi Rodriguez,2 January 1981 (aged 29),36,Liverpool21,GK,Mariano Andújar,30 July 1983 (aged 26),4,Catania22,GK,Sergio Romero,22 February 1987 (aged 23),6,AZ23,MF,Javier Pastore,20 June 1989 (aged 20),1,PalermoGreeceNo.,Pos.,Player,Date of birth (age),Caps,Club1,GK,Kostas Chalkias,30 May 1974 (aged 36),27,PAOK2,DF,Giourkas Seitaridis,4 June 1981 (aged 29),69,Panathinaikos3,DF,Christos Patsatzoglou,19 March 1979 (aged 31),43,Omonia4,MF,Nikos Spiropoulos,10 October 1983 (aged 26),19,Panathinaikos5,DF,Vangelis Moras,18 August 1981 (aged 28),11,Bologna6,MF,Alexandros Tziolis,13 February 1985 (aged 25),19,Siena7,FW,Georgios Samaras,21 February 1985 (aged 25),34,Celtic8,DF,Avraam Papadopoulos,3 December 1984 (aged 25),14,Olympiacos9,FW,Angelos Charisteas,9 February 1980 (aged 30),84,1. FC Nürnberg10,MF,Giorgos Karagounis,6 March 1977 (aged 33),93,Panathinaikos11,DF,Loukas Vyntra,5 February 1981 (aged 29),29,Panathinaikos12,GK,Alexandros Tzorvas,12 August 1982 (aged 27),8,Panathinaikos13,GK,Michalis Sifakis,9 September 1984 (aged 25),2,Aris14,FW,Dimitris Salpingidis,18 August 1981 (aged 28),36,Panathinaikos15,DF,Vasilis Torosidis,10 June 1985 (aged 25),26,Olympiacos16,DF,Sotirios Kyrgiakos,23 July 1979 (aged 30),58,Liverpool17,FW,Theofanis Gekas,23 May 1980 (aged 30),47,Hertha BSC18,MF,Sotiris Ninis,3 April 1990 (aged 20),4,Panathinaikos19,DF,Sokratis Papastathopoulos,9 June 1988 (aged 22),10,Genoa20,FW,Pantelis Kapetanos,8 June 1983 (aged 27),3,Steaua București21,MF,Kostas Katsouranis,21 June 1979 (aged 30),69,Panathinaikos22,DF,Stelios Malezas,11 March 1985 (aged 25),0,PAOK23,MF,Sakis Prittas,9 January 1979 (aged 31),0,ArisNigeriaNo.,Pos.,Player,Date of birth (age),Caps,Club1,GK,Vincent Enyeama,29 August 1982 (aged 27),51,Hapoel Tel Aviv2,DF,Joseph Yobo,6 September 1980 (aged 29),64,Everton3,DF,Taye Taiwo,16 April 1985 (aged 25),35,Marseille4,FW,Nwankwo Kanu,1 August 1976 (aged 33),72,Portsmouth5,DF,Rabiu Afolabi,18 April 1980 (aged 30),12,Red Bull Salzburg6,DF,Danny Shittu,2 September 1980 (aged 29),23,Bolton Wanderers7,FW,John Utaka,8 January 1982 (aged 28),41,Portsmouth8,FW,Yakubu Aiyegbeni,22 November 1982 (aged 27),47,Everton9,FW,Obafemi Martins,28 October 1984 (aged 25),27,VfL Wolfsburg10,FW,Brown Ideye,10 October 1988 (aged 21),0,Sochaux11,FW,Peter Odemwingie,15 July 1981 (aged 28),43,Lokomotiv Moscow12,FW,Kalu Uche,15 November 1982 (aged 27),18,Almeria13,MF,Ayila Yussuf,4 November 1984 (aged 25),24,Dynamo Kyiv14,MF,Sani Kaita,2 May 1986 (aged 24),16,Alania Vladikavkaz15,MF,Lukman Haruna,12 April 1990 (aged 20),5,Monaco16,GK,Austin Ejide,8 April 1984 (aged 26),16,Hapoel Petah Tikva17,DF,Chidi Odiah,17 December 1983 (aged 26),21,CSKA Moscow18,FW,Victor Obinna,25 March 1987 (aged 23),30,Malaga19,FW,Chinedu Obasi,1 June 1986 (aged 24),17,1899 Hoffenheim20,MF,Dickson Etuhu,8 June 1982 (aged 28),11,Fulham21,DF,Elderson Echiejile,20 January 1988 (aged 22),9,Rennes22,DF,Dele Adeleye,25 December 1988 (aged 21),5,Sparta Rotterdam23,GK,Dele Aiyenugba,20 November 1983 (aged 26),9,Bnei Yehuda
South KoreaNo.,Pos.,Player,Date of birth (age),Caps,Club1,GK,Lee Woon-jae,26 April 1973 (aged 37),130,Suwon Samsung Bluewings2,DF,Oh Beom-seok,29 July 1984 (aged 25),37,Ulsan Hyundai3,DF,Kim Hyung-il,27 April 1984 (aged 26),2,Pohang Steelers4,MF,Cho Yong-hyung,3 November 1983 (aged 26),31,Jeju United5,MF,Kim Nam-il,14 March 1977 (aged 33),92,Tom Tomsk6,MF,Kim Bo-kyung,6 October 1989 (aged 20),6,Oita Trinita7,MF,Park Ji-sung,25 February 1981 (aged 29),88,Manchester United8,FW,Kim Jung-woo,9 May 1982 (aged 28),54,Gwangju Sangmu9,FW,Ahn Jung-hwan,27 January 1976 (aged 34),70,Dalian Shide10,FW,Park Chu-young,10 July 1985 (aged 24),40,Monaco11,FW,Lee Seung-yeoul,6 March 1989 (aged 21),8,FC Seoul12,DF,Lee Young-pyo,23 April 1977 (aged 33),112,Al-Hilal13,MF,Kim Jae-sung,3 October 1983 (aged 26),7,Pohang Steelers14,DF,Lee Jung-soo,8 January 1980 (aged 30),24,Kashima Antlers15,DF,Kim Dong-jin,29 January 1982 (aged 28),61,Ulsan Hyundai16,MF,Ki Sung-yong,24 January 1989 (aged 21),21,Celtic17,MF,Lee Chung-yong,2 July 1988 (aged 21),23,Bolton Wanderers18,GK,Jung Sung-ryong,4 January 1985 (aged 25),15,Seongnam Ilhwa Chunma19,FW,Yeom Ki-hun,30 March 1983 (aged 27),33,Suwon Samsung Bluewings20,FW,Lee Dong-gook,29 April 1979 (aged 31),83,Jeonbuk Hyundai Motors21,GK,Kim Young-kwang,28 June 1983 (aged 26),14,Ulsan Hyundai22,DF,Cha Du-ri,25 July 1980 (aged 29),46,SC Freiburg23,DF,Kang Min-soo,14 February 1986 (aged 24),31,Suwon Samsung BluewingsAlgeriaNo.,Pos.,Player,Date of birth (age),Caps,Club1,GK,Lounes Gaouaoui,28 September 1977 (aged 32),48,ASO Chlef2,DF,Madjid Bougherra,7 October 1982 (aged 27),41,Rangers3,DF,Nadir Belhadj,18 June 1982 (aged 27),45,Portsmouth4,DF,Antar Yahia,21 March 1982 (aged 28),44,VfL Bochum5,DF,Rafik Halliche,2 September 1986 (aged 23),17,Nacional6,MF,Yazid Mansouri,25 February 1978 (aged 32),67,Lorient7,MF,Ryad Boudebouz,19 February 1990 (aged 20),2,Sochaux8,MF,Medhi Lacen,5 January 1984 (aged 26),3,Racing Santander9,FW,Abdelkader Ghezzal,5 December 1984 (aged 25),19,Siena10,FW,Rafik Saïfi,7 February 1975 (aged 35),62,Istres11,FW,Rafik Djebbour,8 March 1984 (aged 26),16,AEK Athens12,DF,Habib Bellaïd,28 March 1986 (aged 24),1,Eintracht Frankfurt13,FW,Karim Matmour,25 June 1985 (aged 24),23,Borussia Mönchengladbach14,DF,Abdelkader Laïfaoui,29 July 1981 (aged 28),7,ES Setif15,MF,Karim Ziani,17 August 1982 (aged 27),55,VfL Wolfsburg16,GK,Faouzi Chaouchi,5 December 1984 (aged 25),10,ES Setif17,MF,Adlène Guedioura,12 November 1985 (aged 24),2,Wolverhampton Wanderers18,DF,Carl Medjani,15 May 1985 (aged 25),0,Ajaccio19,MF,Hassan Yebda,14 April 1984 (aged 26),9,Portsmouth20,DF,Djamel Mesbah,9 October 1984 (aged 25),1,Lecce21,MF,Foued Kadir,5 December 1983 (aged 26),2,Valenciennes22,MF,Djamel Abdoun,14 February 1986 (aged 24),7,Nantes23,GK,Raïs M'Bohli,25 April 1986 (aged 24),1,Slavia SofiaEnglandNo.,Pos.,Player,Date of birth (age),Caps,Club1,GK,David James,1 August 1970 (aged 39),50,Portsmouth2,DF,Glen Johnson,23 August 1984 (aged 25),22,Liverpool3,DF,Ashley Cole,20 December 1980 (aged 29),78,Chelsea4,MF,Steven Gerrard,30 May 1980 (aged 30),80,Liverpool5,DF,Michael Dawson,18 November 1983 (aged 26),0,Tottenham Hotspur6,DF,John Terry,7 December 1980 (aged 29),60,Chelsea7,MF,Aaron Lennon,16 April 1987 (aged 23),17,Tottenham Hotspur8,MF,Frank Lampard,20 June 1978 (aged 31),78,Chelsea9,FW,Peter Crouch,30 January 1981 (aged 29),38,Tottenham Hotspur10,FW,Wayne Rooney,24 October 1985 (aged 24),60,Manchester United11,MF,Joe Cole,8 November 1981 (aged 28),54,Chelsea12,GK,Robert Green,18 January 1980 (aged 30),10,West Ham United13,DF,Stephen Warnock,12 December 1981 (aged 28),1,Aston Villa14,MF,Gareth Barry,23 February 1981 (aged 29),36,Manchester City15,DF,Matthew Upson,18 April 1979 (aged 31),19,West Ham United16,MF,James Milner,4 January 1986 (aged 24),8,Aston Villa17,MF,Shaun Wright-Phillips,25 October 1981 (aged 28),31,Manchester City18,DF,Jamie Carragher,28 January 1978 (aged 32),36,Liverpool19,FW,Jermain Defoe,7 October 1982 (aged 27),39,Tottenham Hotspur20,DF,Ledley King,12 October 1980 (aged 29),20,Tottenham Hotspur21,FW,Emile Heskey,11 January 1978 (aged 32),58,Aston Villa22,MF,Michael Carrick,28 July 1981 (aged 28),22,Manchester United23,GK,Joe Hart,19 April 1987 (aged 23),3,Birmingham City
SloveniaNo.,Pos.,Player,Date of birth (age),Caps,Club1,GK,Samir Handanovic,14 July 1984 (aged 25),39,Udinese2,DF,Miso Brecko,1 May 1984 (aged 26),31,1. FC Köln3,DF,Elvedin Dzinic,25 August 1985 (aged 24),0,Maribor4,DF,Marko Suler,9 March 1983 (aged 27),17,Gent5,DF,Boštjan Cesar,9 July 1982 (aged 27),43,Grenoble6,DF,Branko Ilic,6 February 1983 (aged 27),37,Lokomotiv Moscow7,FW,Nejc Pecnik,3 January 1986 (aged 24),8,Nacional8,MF,Robert Koren,20 September 1980 (aged 29),46,West Bromwich Albion9,FW,Zlatan Ljubijankic,15 December 1983 (aged 26),17,Gent10,FW,Valter Birsa,7 August 1986 (aged 23),34,Auxerre11,FW,Milivoje Novakovic,18 May 1979 (aged 31),38,1. FC Köln12,GK,Jasmin Handanovic,28 January 1978 (aged 32),3,Mantova13,DF,Bojan Jokic,17 May 1986 (aged 24),34,Chievo14,FW,Zlatko Dedic,10 May 1984 (aged 26),24,VfL Bochum15,MF,Rene Krhin,21 May 1990 (aged 20),4,Internazionale16,GK,Aleksander Seliga,1 February 1980 (aged 30),1,Sparta Rotterdam17,MF,Andraz Kirm,6 September 1984 (aged 25),26,Wisła Krakow18,MF,Aleksandar Radosavljevic,25 April 1979 (aged 31),15,Larissa19,DF,Suad Filekovic,16 September 1978 (aged 31),14,Maribor20,MF,Andrej Komac,4 December 1979 (aged 30),41,Maccabi Tel Aviv21,MF,Dalibor Stevanovic,27 September 1984 (aged 25),15,Vitesse22,DF,Matej Mavric,29 January 1979 (aged 31),32,TuS Koblenz23,FW,Tim Matavz,13 January 1989 (aged 21),1,Groningen
United StatesNo.,Pos.,Player,Date of birth (age),Caps,Club1,GK,Tim Howard,6 March 1979 (aged 31),51,Everton2,DF,Jonathan Spector,1 March 1986 (aged 24),25,West Ham United3,DF,Carlos Bocanegra,25 May 1979 (aged 31),79,Rennes4,MF,Michael Bradley,31 July 1987 (aged 22),43,Borussia Mönchengladbach5,DF,Oguchi Onyewu,13 May 1982 (aged 28),54,Milan6,DF,Steve Cherundolo,19 February 1979 (aged 31),60,Hannover 967,MF,DaMarcus Beasley,24 May 1982 (aged 28),92,Rangers8,MF,Clint Dempsey,9 March 1983 (aged 27),62,Fulham9,FW,Herculez Gomez,6 April 1982 (aged 28),4,Puebla10,MF,Landon Donovan,4 March 1982 (aged 28),123,LA Galaxy11,MF,Stuart Holden,1 August 1985 (aged 24),14,Bolton Wanderers12,DF,Jonathan Bornstein,7 November 1984 (aged 25),32,Chivas USA13,MF,Ricardo Clark,10 March 1983 (aged 27),29,Eintracht Frankfurt14,FW,Edson Buddle,21 May 1981 (aged 29),3,LA Galaxy15,DF,Jay DeMerit,4 December 1979 (aged 30),19,Watford16,MF,Jose Francisco Torres,29 October 1987 (aged 22),10,Pachuca17,FW,Jozy Altidore,6 November 1989 (aged 20),25,Hull City18,GK,Brad Guzan,9 September 1984 (aged 25),16,Aston Villa19,MF,Maurice Edu,18 April 1986 (aged 24),13,Rangers20,FW,Robbie Findley,4 August 1985 (aged 24),6,Real Salt Lake21,DF,Clarence Goodson,17 May 1982 (aged 28),14,Start22,MF,Benny Feilhaber,19 January 1985 (aged 25),32,AGF23,GK,Marcus Hahnemann,15 June 1972 (aged 37),7,Wolverhampton WanderersAustraliaNo.,Pos.,Player,Date of birth (age),Caps,Club1,GK,Mark Schwarzer,6 October 1972 (aged 37),75,Fulham2,DF,Lucas Neill,9 March 1978 (aged 32),56,Galatasaray3,DF,Craig Moore,12 December 1975 (aged 34),50,Unattached4,MF,Tim Cahill,6 December 1979 (aged 30),40,Everton5,MF,Jason Culina,5 August 1980 (aged 29),49,Gold Coast United6,DF,Michael Beauchamp,8 March 1981 (aged 29),21,Al-Jazira7,MF,Brett Emerton,22 February 1979 (aged 31),72,Blackburn Rovers8,DF,Luke Wilkshire,1 October 1981 (aged 28),42,Dynamo Moscow9,FW,Joshua Kennedy,20 August 1982 (aged 27),19,Nagoya Grampus10,FW,Harry Kewell,22 September 1978 (aged 31),45,Galatasaray11,DF,Scott Chipperfield,30 December 1975 (aged 34),65,Basel12,GK,Adam Federici,31 January 1985 (aged 25),1,Reading13,MF,Vince Grella,5 October 1979 (aged 30),45,Blackburn Rovers14,FW,Brett Holman,27 March 1984 (aged 26),31,AZ15,MF,Mile Jedinak,3 August 1984 (aged 25),11,Antalyaspor16,MF,Carl Valeri,14 August 1984 (aged 25),22,Sassuolo17,FW,Nikita Rukavytsya,22 June 1987 (aged 22),3,Roeselare18,GK,Eugene Galekovic,12 June 1981 (aged 28),4,Adelaide United19,MF,Richard Garcia,4 September 1981 (aged 28),7,Hull City20,DF,Mark Milligan,4 September 1985 (aged 24),10,JEF United21,DF,David Carney,30 November 1983 (aged 26),25,Twente22,MF,Dario Vidošic,12 April 1987 (aged 23),7,MSV Duisburg23,MF,Mark Bresciano,11 February 1980 (aged 30),55,Palermo
GermanyNo.,Pos.,Player,Date of birth (age),Caps,Club1,GK,Manuel Neuer,27 March 1986 (aged 24),5,Schalke 042,DF,Marcell Jansen,4 November 1985 (aged 24),31,Hamburger SV3,DF,Arne Friedrich,29 May 1979 (aged 31),72,Hertha BSC4,DF,Dennis Aogo,14 January 1987 (aged 23),2,Hamburger SV5,DF,Serdar Tasci,24 April 1987 (aged 23),12,VfB Stuttgart6,MF,Sami Khedira,4 April 1987 (aged 23),5,VfB Stuttgart7,MF,Bastian Schweinsteiger,1 August 1984 (aged 25),74,Bayern Munich8,MF,Mesut Özil,15 October 1988 (aged 21),10,Werder Bremen9,FW,Stefan Kießling,25 January 1984 (aged 26),4,Bayer Leverkusen10,MF,Lukas Podolski,4 June 1985 (aged 25),73,1. FC Köln11,FW,Miroslav Klose,9 June 1978 (aged 32),96,Bayern Munich12,GK,Tim Wiese,17 December 1981 (aged 28),2,Werder Bremen13,MF,Thomas Müller,13 September 1989 (aged 20),2,Bayern Munich14,DF,Holger Badstuber,13 March 1989 (aged 21),2,Bayern Munich15,MF,Piotr Trochowski,22 March 1984 (aged 26),31,Hamburger SV16,DF,Philipp Lahm,11 November 1983 (aged 26),65,Bayern Munich17,DF,Per Mertesacker,29 September 1984 (aged 25),62,Werder Bremen18,MF,Toni Kroos,4 January 1990 (aged 20),4,Bayer Leverkusen19,FW,Cacau,27 March 1981 (aged 29),8,VfB Stuttgart20,DF,Jerôme Boateng,3 September 1988 (aged 21),5,Hamburger SV21,MF,Marko Marin,13 March 1989 (aged 21),9,Werder Bremen22,GK,Hans-Jörg Butt,28 May 1974 (aged 36),3,Bayern Munich23,FW,Mario Gomez,10 July 1985 (aged 24),34,Bayern MunichGhanaNo.,Pos.,Player,Date of birth (age),Caps,Club1,GK,Daniel Agyei,10 November 1989 (aged 20),2,Liberty Professionals2,DF,Hans Sarpei,28 June 1976 (aged 33),23,Bayer Leverkusen3,FW,Asamoah Gyan,22 November 1985 (aged 24),32,Rennes4,DF,John Paintsil,15 June 1981 (aged 28),65,Fulham5,DF,John Mensah,29 November 1982 (aged 27),58,Sunderland6,MF,Anthony Annan,21 July 1986 (aged 23),38,Rosenborg7,DF,Samuel Inkoom,1 June 1989 (aged 21),15,Basel8,DF,Jonathan Mensah,13 July 1990 (aged 19),3,Granada9,MF,Derek Boateng,2 May 1983 (aged 27),19,Getafe10,MF,Stephen Appiah,24 December 1980 (aged 29),56,Bologna11,MF,Sulley Muntari,27 August 1984 (aged 25),52,Internazionale12,FW,Prince Tagoe,9 November 1986 (aged 23),17,1899 Hoffenheim13,MF,Andre Ayew,17 December 1989 (aged 20),15,Arles-Avignon14,FW,Matthew Amoah,24 October 1980 (aged 29),31,NAC15,DF,Isaac Vorsah,21 June 1988 (aged 21),6,1899 Hoffenheim16,GK,Stephen Ahorlu,10 May 1989 (aged 21),0,Heart of Lions17,DF,Abdul Rahim Ayew,16 April 1988 (aged 22),6,Zamalek18,FW,Dominic Adiyiah,29 November 1989 (aged 20),4,Milan19,DF,Lee Addy,26 September 1985 (aged 24),3,Bechem Chelsea20,MF,Quincy Owusu-Abeyie,15 April 1986 (aged 24),12,Al-Sadd21,MF,Kwadwo Asamoah,9 December 1988 (aged 21),29,Udinese22,GK,Richard Kingson,13 June 1978 (aged 31),58,Wigan Athletic23,MF,Kevin-Prince Boateng,6 March 1987 (aged 23),0,Portsmouth
SerbiaNo.,Pos.,Player,Date of birth (age),Caps,Club1,GK,Vladimir Stojkovic,29 July 1983 (aged 26),33,Wigan Athletic2,DF,Antonio Rukavina,26 January 1984 (aged 26),20,1860 Munich3,DF,Aleksandar Kolarov,10 November 1985 (aged 24),13,Lazio4,MF,Gojko Kacar,26 January 1987 (aged 23),17,Hertha BSC5,DF,Nemanja Vidic,21 October 1981 (aged 28),45,Manchester United6,DF,Branislav Ivanovic,22 February 1984 (aged 26),31,Chelsea7,MF,Zoran Tosic,28 April 1987 (aged 23),21,1. FC Köln8,FW,Danko Lazovic,17 May 1983 (aged 27),37,Zenit Saint Petersburg9,FW,Marko Pantelic,15 September 1978 (aged 31),32,Ajax10,MF,Dejan Stankovic,11 September 1978 (aged 31),88,Internazionale11,MF,Nenad Milijaš,30 April 1983 (aged 27),17,Wolverhampton Wanderers12,GK,Bojan Isailovic,25 March 1980 (aged 30),4,Zagłębie Lubin13,DF,Aleksandar Lukovic,23 October 1982 (aged 27),21,Udinese14,MF,Milan Jovanovic,18 April 1981 (aged 29),26,Standard Liège15,FW,Nikola Zigic,25 September 1980 (aged 29),45,Valencia16,DF,Ivan Obradovic,25 July 1988 (aged 21),12,Real Zaragoza17,MF,Milos Krasic,1 November 1984 (aged 25),31,CSKA Moscow18,MF,Milos Ninkovic,25 December 1984 (aged 25),9,Dynamo Kyiv19,MF,Radosav Petrovic,8 March 1989 (aged 21),9,Partizan20,DF,Neven Subotic,10 December 1988 (aged 21),13,Borussia Dortmund21,FW,Dragan Mraa,23 January 1984 (aged 26),6,Vojvodina22,MF,Zdravko Kuzmanovic,22 September 1987 (aged 22),27,VfB Stuttgart23,GK,Andelko Duricic,21 November 1980 (aged 29),1,União de LeiriaCameroonNo.,Pos.,Player,Date of birth (age),Caps,Club1,GK,Carlos Kameni,18 February 1984 (aged 26),58,Espanyol2,DF,Benoît Assou-Ekotto,24 March 1984 (aged 26),4,Tottenham Hotspur3,DF,Nicolas N'Koulou,27 March 1990 (aged 20),6,Monaco4,DF,Rigobert Song,1 July 1976 (aged 33),133,Trabzonspor5,DF,Sebastien Bassong,9 July 1986 (aged 23),3,Tottenham Hotspur6,MF,Alex Song,9 September 1987 (aged 22),20,Arsenal7,MF,Landry N'Guemo,28 November 1985 (aged 24),17,Celtic8,DF,Geremi,20 December 1978 (aged 31),109,Ankaragücü9,FW,Samuel Eto'o,10 March 1981 (aged 29),92,Internazionale10,MF,Achille Emana,5 June 1982 (aged 28),32,Real Betis11,MF,Jean Makoun,29 May 1983 (aged 27),46,Lyon12,DF,Gaetan Bong,25 April 1988 (aged 22),0,Valenciennes13,FW,Eric Maxim Choupo-Moting,23 March 1989 (aged 21),0,1. FC Nürnberg14,DF,Aurelien Chedjou,20 June 1985 (aged 24),8,Lille15,FW,Pierre Webo,20 January 1982 (aged 28),39,Mallorca16,GK,Souleymanou Hamidou,22 November 1973 (aged 36),40,Kayserispor17,FW,Mohammadou Idrissou,8 March 1980 (aged 30),28,SC Freiburg18,MF,Eyong Enoh,23 March 1986 (aged 24),12,Ajax19,DF,Stephane Mbia,20 May 1986 (aged 24),29,Marseille20,MF,Georges Mandjeck,9 December 1988 (aged 21),4,1. FC Kaiserslautern21,MF,Joel Matip,8 August 1991 (aged 18),1,Schalke 0422,GK,Guy N'dy Assembe,28 February 1986 (aged 24),0,Valenciennes23,FW,Vincent Aboubakar,22 January 1992 (aged 18),0,Cotonsport Garoua
DenmarkNo.,Pos.,Player,Date of birth (age),Caps,Club1,GK,Thomas Sørensen,12 June 1976 (aged 33),86,Stoke City2,MF,Christian Poulsen,28 February 1980 (aged 30),74,Juventus3,DF,Simon Kjær,26 March 1989 (aged 21),9,Palermo4,DF,Daniel Agger,12 December 1984 (aged 25),32,Liverpool5,DF,William Kvist,24 February 1985 (aged 25),14,Copenhagen6,DF,Lars Jacobsen,20 September 1979 (aged 30),31,Blackburn Rovers7,MF,Daniel Jensen,25 June 1979 (aged 30),49,Werder Bremen8,MF,Jesper Grønkjær,12 August 1977 (aged 32),78,Copenhagen9,FW,Jon Dahl Tomasson,29 August 1976 (aged 33),110,Feyenoord10,MF,Martin Jørgensen,6 October 1975 (aged 34),96,AGF11,FW,Nicklas Bendtner,16 January 1988 (aged 22),32,Arsenal12,MF,Thomas Kahlenberg,20 March 1983 (aged 27),31,VfL Wolfsburg13,DF,Per Krøldrup,31 July 1979 (aged 30),30,Fiorentina14,MF,Jakob Poulsen,7 July 1983 (aged 26),13,AGF15,DF,Simon Poulsen,7 October 1984 (aged 25),5,AZ16,GK,Stephan Andersen,26 November 1981 (aged 28),7,Brøndby17,MF,Mikkel Beckmann,24 October 1983 (aged 26),5,Randers18,FW,Søren Larsen,6 September 1981 (aged 28),19,MSV Duisburg19,MF,Dennis Rommedahl,22 July 1978 (aged 31),96,Ajax20,MF,Thomas Enevoldsen,27 July 1987 (aged 22),6,Groningen21,MF,Christian Eriksen,14 February 1992 (aged 18),3,Ajax22,GK,Jesper Christiansen,24 April 1978 (aged 32),11,Copenhagen23,DF,Patrick Mtiliga,28 January 1981 (aged 29),4,Malaga
JapanNo.,Pos.,Player,Date of birth (age),Caps,Club1,GK,Seigo Narazaki,15 April 1976 (aged 34),76,Nagoya Grampus2,MF,Yuki Abe,6 September 1981 (aged 28),45,Urawa Red Diamonds3,DF,Yūichi Komano,25 July 1981 (aged 28),53,Júbilo Iwata4,DF,Marcus Tulio Tanaka,24 April 1981 (aged 29),39,Nagoya Grampus5,DF,Yuto Nagatomo,12 September 1986 (aged 23),26,FC Tokyo6,DF,Atsuto Uchida,27 March 1988 (aged 22),31,Kashima Antlers7,MF,Yasuhito Endō,28 January 1980 (aged 30),94,Gamba Osaka8,FW,Daisuke Matsui,11 May 1981 (aged 29),23,Grenoble9,FW,Shinji Okazaki,16 April 1986 (aged 24),28,Shimizu S-Pulse10,MF,Shunsuke Nakamura,24 June 1978 (aged 31),97,Yokohama F. Marinos11,FW,Keiji Tamada,11 April 1980 (aged 30),70,Nagoya Grampus12,FW,Kisho Yano,5 April 1984 (aged 26),18,Albirex Niigata13,DF,Daiki Iwamasa,30 January 1982 (aged 28),2,Kashima Antlers14,MF,Kengo Nakamura,31 October 1980 (aged 29),47,Kawasaki Frontale15,DF,Yasuyuki Konno,25 January 1983 (aged 27),37,FC Tokyo16,FW,Yoshito Ōkubo,9 June 1982 (aged 28),49,Vissel Kobe17,MF,Makoto Hasebe,18 January 1984 (aged 26),31,VfL Wolfsburg18,MF,Keisuke Honda,13 June 1986 (aged 23),15,CSKA Moscow19,FW,Takayuki Morimoto,7 May 1988 (aged 22),6,Catania20,MF,Junichi Inamoto,18 September 1979 (aged 30),80,Kawasaki Frontale21,GK,Eiji Kawashima,20 March 1983 (aged 27),10,Kawasaki Frontale22,DF,Yuji Nakazawa,25 February 1978 (aged 32),105,Yokohama F. Marinos23,GK,Yoshikatsu Kawaguchi,15 August 1975 (aged 34),116,Júbilo Iwata
NetherlandsNo.,Pos.,Player,Date of birth (age),Caps,Club1,GK,Maarten Stekelenburg,22 September 1982 (aged 27),25,Ajax2,DF,Gregory van der Wiel,3 February 1988 (aged 22),8,Ajax3,DF,John Heitinga,15 November 1983 (aged 26),51,Everton4,DF,Joris Mathijsen,5 April 1980 (aged 30),53,Hamburger SV5,DF,Giovanni van Bronckhorst,5 February 1975 (aged 35),97,Feyenoord6,MF,Mark van Bommel,22 April 1977 (aged 33),54,Bayern Munich7,FW,Dirk Kuyt,22 July 1980 (aged 29),60,Liverpool8,MF,Nigel de Jong,30 November 1984 (aged 25),40,Manchester City9,FW,Robin van Persie,6 August 1983 (aged 26),41,Arsenal10,MF,Wesley Sneijder,9 June 1984 (aged 26),59,Internazionale11,FW,Arjen Robben,23 January 1984 (aged 26),46,Bayern Munich12,DF,Khalid Boulahrouz,28 December 1981 (aged 28),28,VfB Stuttgart13,DF,Andre Ooijer,11 July 1974 (aged 35),53,PSV Eindhoven14,MF,Demy de Zeeuw,26 May 1983 (aged 27),23,Ajax15,DF,Edson Braafheid,8 April 1983 (aged 27),5,Celtic16,GK,Michel Vorm,20 October 1983 (aged 26),3,Utrecht17,FW,Eljero Elia,13 February 1987 (aged 23),5,Hamburger SV18,MF,Stijn Schaars,11 January 1984 (aged 26),11,AZ19,FW,Ryan Babel,19 December 1986 (aged 23),38,Liverpool20,MF,Ibrahim Afellay,2 April 1986 (aged 24),20,PSV Eindhoven21,FW,Klaas-Jan Huntelaar,12 August 1983 (aged 26),30,Milan22,GK,Sander Boschker,20 October 1970 (aged 39),1[7],Twente23,MF,Rafael van der Vaart,11 February 1983 (aged 27),75,Real MadridItalyNo.,Pos.,Player,Date of birth (age),Caps,Club1,GK,Gianluigi Buffon,28 January 1978 (aged 32),101,Juventus2,DF,Christian Maggio,11 February 1982 (aged 28),5,Napoli3,DF,Domenico Criscito,30 December 1986 (aged 23),7,Genoa4,DF,Giorgio Chiellini,14 August 1984 (aged 25),29,Juventus5,DF,Fabio Cannavaro,13 September 1973 (aged 36),133,Juventus6,MF,Daniele De Rossi,24 July 1983 (aged 26),54,Roma7,MF,Simone Pepe,30 August 1983 (aged 26),15,Udinese8,MF,Gennaro Gattuso,9 January 1978 (aged 32),72,Milan9,FW,Vincenzo Iaquinta,21 November 1979 (aged 30),37,Juventus10,FW,Antonio Di Natale,13 October 1977 (aged 32),33,Udinese11,FW,Alberto Gilardino,5 July 1982 (aged 27),41,Fiorentina12,GK,Federico Marchetti,7 February 1983 (aged 27),5,Cagliari13,DF,Salvatore Bocchetti,30 November 1986 (aged 23),5,Genoa14,GK,Morgan De Sanctis,26 March 1977 (aged 33),3,Napoli15,MF,Claudio Marchisio,19 January 1986 (aged 24),4,Juventus16,MF,Mauro Camoranesi,4 October 1976 (aged 33),53,Juventus17,MF,Angelo Palombo,25 September 1981 (aged 28),17,Sampdoria18,FW,Fabio Quagliarella,31 January 1983 (aged 27),20,Napoli19,DF,Gianluca Zambrotta,19 February 1977 (aged 33),94,Milan20,FW,Giampaolo Pazzini,2 August 1984 (aged 25),8,Sampdoria21,MF,Andrea Pirlo,19 May 1979 (aged 31),66,Milan22,MF,Riccardo Montolivo,18 January 1985 (aged 25),13,Fiorentina23,DF,Leonardo Bonucci,1 May 1987 (aged 23),2,Bari
New ZealandNo.,Pos.,Player,Date of birth (age),Caps,Club1,GK,Mark Paston,13 December 1976 (aged 33),23,Wellington Phoenix2,DF,Ben Sigmund,3 February 1981 (aged 29),14,Wellington Phoenix3,DF,Tony Lochhead,12 January 1982 (aged 28),30,Wellington Phoenix4,DF,Winston Reid,3 July 1988 (aged 21),3,Midtjylland5,DF,Ivan Vicelich,3 September 1976 (aged 33),66,Auckland City6,DF,Ryan Nelsen,18 October 1977 (aged 32),41,Blackburn Rovers7,MF,Simon Elliott,10 June 1974 (aged 36),63,Unattached8,MF,Tim Brown,6 March 1981 (aged 29),25,Wellington Phoenix9,FW,Shane Smeltz,29 September 1981 (aged 28),30,Gold Coast United10,FW,Chris Killen,8 October 1981 (aged 28),31,Middlesbrough11,MF,Leo Bertos,20 December 1981 (aged 28),34,Wellington Phoenix12,GK,Glen Moss,19 January 1983 (aged 27),15,Melbourne Victory13,MF,Andy Barron,24 December 1980 (aged 29),11,Team Wellington14,FW,Rory Fallon,20 March 1982 (aged 28),7,Plymouth Argyle15,MF,Michael McGlinchey,7 January 1987 (aged 23),5,Motherwell16,MF,Aaron Clapham,1 January 1987 (aged 23),0,Canterbury United17,MF,David Mulligan,24 March 1982 (aged 28),25,Unattached18,DF,Andrew Boyens,18 September 1983 (aged 26),15,New York Red Bulls19,DF,Tommy Smith,31 March 1990 (aged 20),4,Ipswich Town20,FW,Chris Wood,7 December 1991 (aged 18),9,West Bromwich Albion21,MF,Jeremy Christie,22 May 1983 (aged 27),22,Tampa Bay22,MF,Jeremy Brockie,7 October 1987 (aged 22),18,Newcastle Jets23,GK,James Bannatyne,30 June 1975 (aged 34),3,Team WellingtonParaguayNo.,Pos.,Player,Date of birth (age),Caps,Club1,GK,Justo Villar,30 June 1977 (aged 32),71,Real Valladolid2,DF,Dario Veron,26 June 1979 (aged 30),27,UNAM3,DF,Claudio Morel,2 February 1978 (aged 32),25,Boca Juniors4,DF,Denis Caniza,29 August 1974 (aged 35),95,Leon5,DF,Julio Cesar Caceres,5 October 1979 (aged 30),59,Atletico Mineiro6,DF,Carlos Bonet,2 October 1977 (aged 32),60,Olimpia7,FW,Oscar Cardozo,20 May 1983 (aged 27),29,Benfica8,MF,Edgar Barreto,15 July 1984 (aged 25),47,Atalanta9,FW,Roque Santa Cruz,16 August 1981 (aged 28),66,Manchester City10,FW,Edgar Benitez,8 November 1987 (aged 22),12,Pachuca11,MF,Jonathan Santana,19 October 1981 (aged 28),21,VfL Wolfsburg12,GK,Diego Barreto,16 July 1981 (aged 28),2,Cerro Porteno13,MF,Enrique Vera,10 March 1979 (aged 31),25,LDU Quito14,DF,Paulo da Silva,1 February 1980 (aged 30),67,Sunderland15,MF,Victor Caceres,25 March 1985 (aged 25),25,Libertad16,MF,Cristian Riveros,16 October 1982 (aged 27),45,Cruz Azul17,DF,Aureliano Torres,16 June 1982 (aged 27),25,San Lorenzo18,FW,Nelson Valdez,28 November 1983 (aged 26),38,Borussia Dortmund19,FW,Lucas Barrios,13 November 1984 (aged 25),3,Borussia Dortmund20,MF,Nestor Ortigoza,7 October 1984 (aged 25),3,Argentinos Juniors21,DF,Antolin Alcaraz,30 July 1982 (aged 27),5,Club Brugge22,GK,Aldo Bobadilla,20 April 1976 (aged 34),18,Independiente Medellin23,FW,Rodolfo Gamarra,10 December 1988 (aged 21),2,Libertad
SlovakiaNo.,Pos.,Player,Date of birth (age),Caps,Club1,GK,Jan Mucha,5 December 1982 (aged 27),15,Legia Warszawa2,DF,Peter Pekarik,30 October 1986 (aged 23),21,VfL Wolfsburg3,DF,Martin Škrtel,15 December 1984 (aged 25),39,Liverpool4,DF,Marek Čech,26 January 1983 (aged 27),40,West Bromwich Albion5,DF,Radoslav Zabavnik,16 September 1980 (aged 29),44,Mainz 056,MF,Zdeno Štrba,9 June 1976 (aged 34),21,Skoda Xanthi7,MF,Vladimir Weiss,30 November 1989 (aged 20),9,Bolton Wanderers8,MF,Jan Kozak,22 April 1980 (aged 30),24,Timișoara9,MF,Stanislav Šestak,16 December 1982 (aged 27),33,VfL Bochum10,MF,Marek Sapara,31 July 1982 (aged 27),25,Ankaragücü11,FW,Robert Vittek,1 April 1982 (aged 28),70,Ankaragücü12,GK,Dušan Perniš,28 November 1984 (aged 25),3,Dundee United13,FW,Filip Hološko,17 January 1984 (aged 26),38,Beşiktaş14,FW,Martin Jakubko,26 February 1980 (aged 30),24,Saturn Moscow Oblast15,MF,Miroslav Stoch,19 October 1989 (aged 20),12,Twente16,DF,Jan Ďurica,10 December 1981 (aged 28),39,Hannover 9617,MF,Marek Hamšik,27 July 1987 (aged 22),32,Napoli18,FW,Erik Jendrišek,26 October 1986 (aged 23),15,1. FC Kaiserslautern19,MF,Juraj Kucka,26 February 1987 (aged 23),6,Sparta Prague20,MF,Kamil Kopúnek,18 May 1984 (aged 26),9,Spartak Trnava21,DF,Kornel Salata,4 January 1985 (aged 25),4,Slovan Bratislava22,DF,Martin Petraš,2 November 1979 (aged 30),38,Cesena23,GK,Dušan Kuciak,21 May 1985 (aged 25),3,VasluiBrazilNo.,Pos.,Player,Date of birth (age),Caps,Club1,GK,Júlio Cesar,3 September 1979 (aged 30),48,Internazionale2,DF,Maicon,26 July 1981 (aged 28),58,Internazionale3,DF,Lúcio,8 May 1978 (aged 32),91,Internazionale4,DF,Juan,1 February 1979 (aged 31),74,Roma5,MF,Felipe Melo,26 August 1983 (aged 26),18,Juventus6,DF,Michel Bastos,2 August 1983 (aged 26),5,Lyon7,MF,Elano,14 June 1981 (aged 28),43,Galatasaray8,MF,Gilberto Silva,7 October 1976 (aged 33),88,Panathinaikos9,FW,Luis Fabiano,8 November 1980 (aged 29),38,Sevilla10,MF,Kaka,22 April 1982 (aged 28),78,Real Madrid11,FW,Robinho,25 January 1984 (aged 26),75,Santos12,GK,Heurelho Gomes,15 February 1981 (aged 29),11,Tottenham Hotspur13,DF,Dani Alves,6 May 1983 (aged 27),35,Barcelona14,DF,Luisão,13 February 1981 (aged 29),42,Benfica15,DF,Thiago Silva,22 September 1984 (aged 25),7,Milan16,DF,Gilberto,25 April 1976 (aged 34),33,Cruzeiro17,MF,Josue,19 July 1979 (aged 30),27,VfL Wolfsburg18,MF,Ramires,24 March 1987 (aged 23),12,Benfica19,MF,Júlio Baptista,1 October 1981 (aged 28),46,Roma20,MF,Kleberson,19 June 1979 (aged 30),31,Flamengo21,FW,Nilmar,14 July 1984 (aged 25),17,Villarreal22,GK,Doni,22 October 1979 (aged 30),10,Roma23,FW,Grafite,2 April 1979 (aged 31),3,VfL WolfsburgIvory CoastNo.,Pos.,Player,Date of birth (age),Caps,Club1,GK,Boubacar Barry,30 December 1979 (aged 30),45,Lokeren2,DF,Benjamin Angoua,28 November 1986 (aged 23),7,Valenciennes3,DF,Arthur Boka,2 April 1983 (aged 27),54,VfB Stuttgart4,DF,Kolo Toure,19 March 1981 (aged 29),76,Manchester City5,MF,Didier Zokora,14 December 1980 (aged 29),80,Sevilla6,DF,Steve Gohouri,8 February 1981 (aged 29),11,Wigan Athletic7,FW,Seydou Doumbia,31 December 1987 (aged 22),5,Young Boys8,FW,Salomon Kalou,5 August 1985 (aged 24),28,Chelsea9,MF,Cheick Tiote,21 June 1986 (aged 23),8,Twente10,FW,Gervinho,27 May 1987 (aged 23),15,Lille11,FW,Didier Drogba,11 March 1978 (aged 32),68,Chelsea12,MF,Jean-Jacques Gosso,15 March 1983 (aged 27),6,Monaco13,MF,Romaric,4 June 1983 (aged 27),38,Sevilla14,MF,Emmanuel Kone,31 December 1986 (aged 23),12,Internațional15,FW,Aruna Dindane,26 November 1980 (aged 29),54,Portsmouth16,GK,Aristide Zogbo,30 December 1981 (aged 28),6,Maccabi Netanya17,DF,Siaka Tiene,22 March 1982 (aged 28),55,Valenciennes18,MF,Kader Keïta,6 August 1981 (aged 28),55,Galatasaray19,MF,Yaya Toure,13 May 1983 (aged 27),47,Barcelona20,DF,Guy Demel,13 June 1981 (aged 28),26,Hamburger SV21,DF,Emmanuel Eboue,4 June 1983 (aged 27),52,Arsenal22,DF,Sol Bamba,13 January 1985 (aged 25),16,Hibernian23,GK,Daniel Yeboah,13 November 1984 (aged 25),4,ASEC Mimosas
North KoreaNo.,Pos.,Player,Date of birth (age),Caps,Club1,GK,Ri Myong-guk,9 September 1986 (aged 23),28,Pyongyang City2,DF,Cha Jong-hyok,25 September 1985 (aged 24),31,Amrokgang3,DF,Ri Jun-il,24 August 1987 (aged 22),26,Sobaeksu4,MF,Pak Nam-chol,2 July 1985 (aged 24),35,25-Apr5,DF,Ri Kwang-chon,4 September 1985 (aged 24),41,25-Apr6,MF,Kim Kum-il,10 October 1987 (aged 22),11,25-Apr7,FW,An Chol-hyok,27 June 1985 (aged 24),16,Rimyongsu8,DF,Ji Yun-nam,20 November 1976 (aged 33),23,25-Apr9,FW,Jong Tae-se,2 March 1984 (aged 26),20,Kawasaki Frontale10,FW,Hong Yong-jo,22 May 1982 (aged 28),40,Rostov11,MF,Mun In-guk,29 September 1978 (aged 31),42,25-Apr12,FW,Choe Kum-chol,9 February 1987 (aged 23),16,25-Apr13,DF,Pak Chol-jin,5 September 1985 (aged 24),34,Amrokgang14,DF,Pak Nam-Chol,3 October 1988 (aged 21),12,Amrokgang15,MF,Kim Yong-jun,19 July 1983 (aged 26),52,Pyongyang City16,DF,Nam Song-chol,7 May 1982 (aged 28),41,25-Apr17,MF,An Yong-hak,25 October 1978 (aged 31),24,Omiya Ardija18,GK,Kim Myong-gil,16 October 1984 (aged 25),10,Amrokgang19,MF,Ri Chol-myong,18 February 1988 (aged 22),10,Pyongyang City20,GK,Kim Myong-won[8],15 July 1983 (aged 26),9,Amrokgang21,DF,Ri Kwang-hyok,17 August 1987 (aged 22),15,Kyonggongop22,MF,Kim Kyong-il,11 December 1988 (aged 21),7,Rimyongsu23,MF,Pak Sung-hyok,30 May 1990 (aged 20),3,Sobaeksu
PortugalNo.,Pos.,Player,Date of birth (age),Caps,Club1,GK,Eduardo,19 September 1982 (aged 27),15,Braga2,DF,Bruno Alves,27 November 1981 (aged 28),31,Porto3,DF,Paulo Ferreira,18 January 1979 (aged 31),61,Chelsea4,DF,Rolando,31 August 1985 (aged 24),8,Porto5,MF,Duda,27 June 1980 (aged 29),16,Malaga6,DF,Ricardo Carvalho,18 May 1978 (aged 32),63,Chelsea7,FW,Cristiano Ronaldo,5 February 1985 (aged 25),72,Real Madrid8,MF,Pedro Mendes,26 February 1979 (aged 31),8,Sporting CP9,FW,Liedson,17 December 1977 (aged 32),10,Sporting CP10,MF,Danny,7 August 1983 (aged 26),11,Zenit Saint Petersburg11,MF,Simão,31 October 1979 (aged 30),81,Atletico Madrid12,GK,Beto,1 May 1982 (aged 28),1,Porto13,DF,Miguel,4 January 1980 (aged 30),57,Valencia14,MF,Miguel Veloso,11 May 1986 (aged 24),12,Sporting CP15,DF,Pepe,26 February 1983 (aged 27),25,Real Madrid16,MF,Raul Meireles,17 March 1983 (aged 27),34,Porto17,MF,Rúben Amorim[9],27 January 1985 (aged 25),0,Benfica18,FW,Hugo Almeida,23 May 1984 (aged 26),26,Werder Bremen19,MF,Tiago,2 May 1981 (aged 29),51,Atletico Madrid20,MF,Deco,27 August 1977 (aged 32),74,Chelsea21,DF,Ricardo Costa,16 May 1981 (aged 29),8,Lille22,GK,Daniel Fernandes,25 September 1983 (aged 26),2,Iraklis23,DF,Fabio Coentrão,11 March 1988 (aged 22),4,BenficaChileNo.,Pos.,Player,Date of birth (age),Caps,Club1,GK,Claudio Bravo,13 April 1983 (aged 27),41,Real Sociedad2,DF,Ismael Fuentes,4 August 1981 (aged 28),25,Universidad Catolica3,DF,Waldo Ponce,4 December 1982 (aged 27),23,Universidad Catolica4,MF,Mauricio Isla,12 June 1988 (aged 21),10,Udinese5,DF,Pablo Contreras,11 September 1978 (aged 31),49,PAOK6,MF,Carlos Carmona,21 February 1987 (aged 23),18,Reggina7,FW,Alexis Sanchez,19 December 1988 (aged 21),26,Udinese8,DF,Arturo Vidal,22 May 1987 (aged 23),21,Bayer Leverkusen9,FW,Humberto Suazo,10 May 1981 (aged 29),41,Real Zaragoza10,MF,Jorge Valdivia,19 October 1983 (aged 26),36,Al-Ain11,FW,Mark Gonzalez,10 July 1984 (aged 25),38,CSKA Moscow12,GK,Miguel Pinto,4 July 1983 (aged 26),13,Universidad de Chile13,MF,Marco Estrada,28 May 1983 (aged 27),20,Universidad de Chile14,MF,Matias Fernandez,15 May 1986 (aged 24),35,Sporting CP15,FW,Jean Beausejour,1 June 1984 (aged 26),23,America16,FW,Fabian Orellana,27 January 1986 (aged 24),13,Xerez17,DF,Gary Medel,3 August 1987 (aged 22),23,Boca Juniors18,DF,Gonzalo Jara,29 August 1985 (aged 24),31,West Bromwich Albion19,MF,Gonzalo Fierro,21 March 1983 (aged 27),16,Flamengo20,MF,Rodrigo Millar,3 November 1981 (aged 28),19,Colo-Colo21,MF,Rodrigo Tello,14 October 1979 (aged 30),32,Beşiktaş22,FW,Esteban Paredes,1 August 1980 (aged 29),12,Colo-Colo23,GK,Luis Marin,18 May 1983 (aged 27),2,Union EspanolaHondurasNo.,Pos.,Player,Date of birth (age),Caps,Club1,GK,Ricardo Canales,30 May 1982 (aged 28),2,Motagua2,DF,Osman Chavez,29 July 1984 (aged 25),26,Platense3,DF,Maynor Figueroa,2 May 1983 (aged 27),66,Wigan Athletic4,DF,Johnny Palacios,20 December 1986 (aged 23),4,Olimpia5,DF,Victor Bernardez,24 May 1982 (aged 28),40,Anderlecht6,MF,Hendry Thomas,23 February 1985 (aged 25),39,Wigan Athletic7,MF,Ramon Núnez,14 November 1984 (aged 25),16,Olimpia8,MF,Wilson Palacios,29 July 1984 (aged 25),69,Tottenham Hotspur9,FW,Carlos Pavon,19 October 1973 (aged 36),98,Real Espana10,FW,Jerry Palacios[10],1 November 1982 (aged 27),11,Hangzhou Greentown11,FW,David Suazo,5 November 1979 (aged 30),50,Genoa12,FW,Georgie Welcome,9 March 1985 (aged 25),11,Motagua13,FW,Roger Espinoza,25 October 1986 (aged 23),10,Kansas City Wizards14,DF,Boniek Garcia,4 September 1984 (aged 25),42,Olimpia15,FW,Walter Martinez,29 March 1982 (aged 28),34,Marathon16,DF,Mauricio Sabillon,11 November 1978 (aged 31),25,Hangzhou Greentown17,MF,Edgar Alvarez,9 January 1980 (aged 30),46,Bari18,GK,Noel Valladares,3 May 1977 (aged 33),71,Olimpia19,MF,Danilo Turcios,8 May 1978 (aged 32),82,Olimpia20,MF,Amado Guevara,2 May 1976 (aged 34),133,Motagua21,DF,Emilio Izaguirre,10 May 1986 (aged 24),39,Motagua22,GK,Donis Escober,3 February 1980 (aged 30),11,Olimpia23,DF,Sergio Mendoza,23 May 1981 (aged 29),46,Motagua
SpainNo.,Pos.,Player,Date of birth (age),Caps,Club1,GK,Iker Casillas,20 May 1981 (aged 29),104,Real Madrid2,DF,Raúl Albiol,4 September 1985 (aged 24),23,Real Madrid3,DF,Gerard Pique,2 February 1987 (aged 23),16,Barcelona4,DF,Carlos Marchena,31 July 1979 (aged 30),59,Valencia5,DF,Carles Puyol,13 April 1978 (aged 32),83,Barcelona6,MF,Andres Iniesta,11 May 1984 (aged 26),43,Barcelona7,FW,David Villa,3 December 1981 (aged 28),58,Valencia8,MF,Xavi,25 January 1980 (aged 30),87,Barcelona9,FW,Fernando Torres,20 March 1984 (aged 26),73,Liverpool10,MF,Cesc Fàbregas,4 May 1987 (aged 23),49,Arsenal11,DF,Joan Capdevila,3 February 1978 (aged 32),46,Villarreal12,GK,Victor Valdes,14 January 1982 (aged 28),1,Barcelona13,MF,Juan Mata,28 April 1988 (aged 22),8,Valencia14,MF,Xabi Alonso,25 November 1981 (aged 28),69,Real Madrid15,DF,Sergio Ramos,30 March 1986 (aged 24),60,Real Madrid16,MF,Sergio Busquets,16 July 1988 (aged 21),13,Barcelona17,DF,Alvaro Arbeloa,17 January 1983 (aged 27),15,Real Madrid18,FW,Pedro,28 July 1987 (aged 22),3,Barcelona19,FW,Fernando Llorente,26 February 1985 (aged 25),7,Athletic Bilbao20,MF,Javi Martinez,2 September 1988 (aged 21),2,Athletic Bilbao21,MF,David Silva,8 January 1986 (aged 24),36,Valencia22,MF,Jesús Navas,21 November 1985 (aged 24),6,Sevilla23,GK,Pepe Reina,31 August 1982 (aged 27),20,LiverpoolSwitzerlandNo.,Pos.,Player,Date of birth (age),Caps,Club1,GK,Diego Benaglio,8 September 1983 (aged 26),27,VfL Wolfsburg2,DF,Stephan Lichtsteiner,16 January 1984 (aged 26),28,Lazio3,DF,Ludovic Magnin,20 April 1979 (aged 31),62,Zürich4,DF,Philippe Senderos,14 February 1985 (aged 25),40,Everton5,DF,Steve von Bergen,10 June 1983 (aged 27),11,Hertha BSC6,MF,Benjamin Huggel,7 July 1977 (aged 32),38,Basel7,MF,Tranquillo Barnetta,22 May 1985 (aged 25),52,Bayer Leverkusen8,MF,Gökhan Inler,27 June 1984 (aged 25),36,Udinese9,FW,Alexander Frei,15 July 1979 (aged 30),75,Basel10,FW,Blaise Nkufo,25 May 1975 (aged 35),31,Twente11,MF,Valon Behrami,19 April 1985 (aged 25),27,West Ham United12,GK,Marco Wölfli,22 August 1982 (aged 27),5,Young Boys13,DF,Stephane Grichting,30 March 1979 (aged 31),35,Auxerre14,MF,Marco Padalino,8 December 1983 (aged 26),8,Sampdoria15,MF,Hakan Yakin,22 February 1977 (aged 33),81,Luzern16,MF,Gelson Fernandes,2 September 1986 (aged 23),24,Saint-Etienne17,DF,Reto Ziegler,16 January 1986 (aged 24),12,Sampdoria18,FW,Albert Bunjaku,29 November 1983 (aged 26),3,1. FC Nürnberg19,FW,Eren Derdiyok,12 June 1988 (aged 21),21,Bayer Leverkusen20,MF,Pirmin Schwegler,9 March 1987 (aged 23),4,Eintracht Frankfurt21,GK,Johnny Leoni,30 June 1984 (aged 25),0,Zürich22,DF,Mario Eggimann,24 January 1981 (aged 29),8,Hannover 9623,MF,Xherdan Shaqiri,10 October 1991 (aged 18),3,Basel